<application>
  <component name="FindSettings">
    <option name="customScope" value="All Places" />
    <option name="defaultScopeName" value="All Places" />
    <option name="SEARCH_SCOPE" value="All Places" />
    <option name="FILE_MASK" value="*.js" />
    <mask>*.properties</mask>
    <mask>*.jsp</mask>
    <mask>*.xml</mask>
    <mask>*.java</mask>
    <mask>*.as</mask>
    <mask>*.css</mask>
    <mask>*.mxml</mask>
    <mask>*.service</mask>
    <mask>*ts</mask>
    <mask>*html</mask>
    <mask>*component.ts</mask>
    <mask>*.spec.ts</mask>
    <mask>*.json</mask>
    <mask>*spec.ts</mask>
    <mask>*.scss</mask>
    <mask>*.html</mask>
    <mask>*.ts</mask>
    <mask>*.js</mask>
  </component>
</application>