<application>
  <component name="MaterialThemeConfig">
    <option name="compactMenus" value="true" />
    <option name="contrastMode" value="true" />
    <option name="highlightColorEnabled" value="true" />
    <option name="compactDropdowns" value="true" />
    <option name="isHighlightColorEnabled" value="true" />
    <option name="isCompactMenus" value="true" />
    <option name="isContrastMode" value="true" />
    <option name="isWizardShown" value="true" />
    <option name="pristineConfig" value="false" />
    <option name="treeFontSizeEnabled" value="true" />
    <option name="tabFontSizeEnabled" value="true" />
    <option name="tabOpacity" value="42" />
    <option name="treeFontSize" value="14" />
    <option name="tabFontSize" value="16" />
    <option name="settingsSelectedTab" value="3" />
    <option name="accentColor" value="416a9b" />
    <option name="selectedTheme" value="NATIVE" />
    <option name="userId" value="4cec7baa:16a028fadba:-8000" />
    <option name="version" value="5.2.0" />
  </component>
</application>